{
   "type":"minecraft:clamp",
   "input":{
      "argument":{
        "type":"min",
        "argument1":
        {
         "argument1":{
            "noise":"terralith:math/cheese/megacave",
            "xz_scale":1.5,
            "y_scale":1.725,
            "type":"minecraft:noise"
         },
         "argument2":0.47,
         "type":"add"
       },

       "argument2":{

      "argument1":{
                                  "noise": "minecraft:cave_cheese",
                                  "xz_scale": 1.0,
                                  "y_scale": 0.6666666666666666,
                                  "type": "minecraft:noise"
},
"argument2":0.27,
"type":"add"
}
      },
      "type":"cache_once"
   },
   "min":-1,
   "max":1
}